-- phpMyAdmin SQL Dump
-- version 4.4.15.9
-- https://www.phpmyadmin.net
--
-- Servidor: localhost
-- Tiempo de generación: 03-07-2017 a las 14:46:20
-- Versión del servidor: 5.6.35
-- Versión de PHP: 5.6.30

SET SQL_MODE = "NO_AUTO_VALUE_ON_ZERO";
SET time_zone = "+00:00";


/*!40101 SET @OLD_CHARACTER_SET_CLIENT=@@CHARACTER_SET_CLIENT */;
/*!40101 SET @OLD_CHARACTER_SET_RESULTS=@@CHARACTER_SET_RESULTS */;
/*!40101 SET @OLD_COLLATION_CONNECTION=@@COLLATION_CONNECTION */;
/*!40101 SET NAMES utf8mb4 */;

--
-- Base de datos: `sgi`
--

-- --------------------------------------------------------

--
-- Estructura de tabla para la tabla `computadoras`
--

CREATE TABLE IF NOT EXISTS `computadoras` (
  `id` int(10) unsigned NOT NULL,
  `hostname` varchar(45) COLLATE utf8_spanish2_ci NOT NULL,
  `descripcion` varchar(45) COLLATE utf8_spanish2_ci NOT NULL,
  `capacidad_disco` varchar(45) COLLATE utf8_spanish2_ci NOT NULL,
  `memoria_ram` varchar(45) COLLATE utf8_spanish2_ci NOT NULL,
  `tcomputadora_id` int(10) unsigned NOT NULL,
  `marca_id` int(10) unsigned NOT NULL,
  `modelo_id` int(10) unsigned NOT NULL,
  `Procesador_id` int(10) unsigned NOT NULL,
  `sistema_operativo_id` int(10) unsigned NOT NULL,
  `usuario_id` int(10) unsigned NOT NULL,
  `serial` varchar(45) COLLATE utf8_spanish2_ci NOT NULL,
  `estado_id` int(10) unsigned NOT NULL,
  `created_at` timestamp NOT NULL DEFAULT CURRENT_TIMESTAMP,
  `updated_at` datetime NOT NULL,
  `created_by` int(10) unsigned NOT NULL,
  `updated_by` int(10) unsigned NOT NULL
) ENGINE=InnoDB AUTO_INCREMENT=6 DEFAULT CHARSET=utf8 COLLATE=utf8_spanish2_ci;

--
-- Volcado de datos para la tabla `computadoras`
--

INSERT INTO `computadoras` (`id`, `hostname`, `descripcion`, `capacidad_disco`, `memoria_ram`, `tcomputadora_id`, `marca_id`, `modelo_id`, `Procesador_id`, `sistema_operativo_id`, `usuario_id`, `serial`, `estado_id`, `created_at`, `updated_at`, `created_by`, `updated_by`) VALUES
(3, 'stigdd01', 'Maquina Personal Juan Carlos Ramos', '1 TB', '16 GB', 2, 1, 1, 1, 3, 3, '15487596', 1, '2017-06-22 23:57:42', '0000-00-00 00:00:00', 1, 0),
(5, 'stigdd06', 'Maquina Personal Luis Villegas', '1 TB', '16 GB', 2, 1, 1, 1, 3, 2, 'kjerekwj3', 1, '2017-06-23 00:06:16', '2017-06-22 20:26:37', 1, 1);

-- --------------------------------------------------------

--
-- Estructura de tabla para la tabla `departamento`
--

CREATE TABLE IF NOT EXISTS `departamento` (
  `id` int(10) unsigned NOT NULL,
  `descripcion` varchar(30) CHARACTER SET utf8 NOT NULL,
  `observacion` varchar(45) COLLATE utf8_spanish2_ci DEFAULT NULL,
  `created_at` timestamp NOT NULL DEFAULT CURRENT_TIMESTAMP,
  `updated_at` datetime NOT NULL,
  `created_by` int(10) unsigned NOT NULL,
  `updated_by` int(10) unsigned NOT NULL
) ENGINE=InnoDB AUTO_INCREMENT=3 DEFAULT CHARSET=utf8 COLLATE=utf8_spanish2_ci;

--
-- Volcado de datos para la tabla `departamento`
--

INSERT INTO `departamento` (`id`, `descripcion`, `observacion`, `created_at`, `updated_at`, `created_by`, `updated_by`) VALUES
(1, 'System', 'Grupo de Sistemas', '2017-06-14 00:58:38', '2017-06-13 20:58:38', 1, 0),
(2, 'Gestion de Disponibilidad', 'Coordinador Juan Carlos Ramos', '2017-06-15 02:14:04', '0000-00-00 00:00:00', 1, 0);

-- --------------------------------------------------------

--
-- Estructura de tabla para la tabla `direccion_ip`
--

CREATE TABLE IF NOT EXISTS `direccion_ip` (
  `id` int(10) unsigned NOT NULL,
  `computadoras_id` int(10) unsigned NOT NULL,
  `direccion_ip` varchar(45) COLLATE utf8_spanish2_ci NOT NULL,
  `observaciones` varchar(45) COLLATE utf8_spanish2_ci DEFAULT NULL,
  `created_at` timestamp NOT NULL DEFAULT CURRENT_TIMESTAMP,
  `updated_at` datetime NOT NULL,
  `created_by` int(10) unsigned NOT NULL,
  `updated_by` int(10) unsigned NOT NULL
) ENGINE=InnoDB AUTO_INCREMENT=4 DEFAULT CHARSET=utf8 COLLATE=utf8_spanish2_ci;

--
-- Volcado de datos para la tabla `direccion_ip`
--

INSERT INTO `direccion_ip` (`id`, `computadoras_id`, `direccion_ip`, `observaciones`, `created_at`, `updated_at`, `created_by`, `updated_by`) VALUES
(1, 3, '10.0.3.80', 'Maquina Portatil Juan Ramos', '2017-06-22 23:57:42', '0000-00-00 00:00:00', 1, 0),
(3, 5, '10.0.3.83', 'Maquina Portatil Luis Villegas', '2017-06-23 00:06:16', '2017-06-22 20:26:38', 1, 1);

-- --------------------------------------------------------

--
-- Estructura de tabla para la tabla `estado`
--

CREATE TABLE IF NOT EXISTS `estado` (
  `id` int(10) unsigned NOT NULL,
  `descripcion` varchar(45) COLLATE utf8_spanish2_ci NOT NULL,
  `created_at` timestamp NOT NULL DEFAULT CURRENT_TIMESTAMP,
  `updated_at` datetime NOT NULL,
  `created_by` int(10) unsigned NOT NULL,
  `updated_by` int(10) unsigned NOT NULL
) ENGINE=InnoDB AUTO_INCREMENT=3 DEFAULT CHARSET=utf8 COLLATE=utf8_spanish2_ci;

--
-- Volcado de datos para la tabla `estado`
--

INSERT INTO `estado` (`id`, `descripcion`, `created_at`, `updated_at`, `created_by`, `updated_by`) VALUES
(1, 'Asignado', '2017-06-21 22:33:34', '0000-00-00 00:00:00', 1, 0),
(2, 'Prestamo', '2017-06-21 22:33:44', '0000-00-00 00:00:00', 1, 0);

-- --------------------------------------------------------

--
-- Estructura de tabla para la tabla `marca`
--

CREATE TABLE IF NOT EXISTS `marca` (
  `id` int(10) unsigned NOT NULL,
  `descripcion` varchar(45) COLLATE utf8_spanish2_ci NOT NULL,
  `created_at` timestamp NOT NULL DEFAULT CURRENT_TIMESTAMP,
  `updated_at` datetime NOT NULL,
  `created_by` int(10) unsigned NOT NULL,
  `updated_by` int(10) unsigned NOT NULL
) ENGINE=InnoDB AUTO_INCREMENT=4 DEFAULT CHARSET=utf8 COLLATE=utf8_spanish2_ci;

--
-- Volcado de datos para la tabla `marca`
--

INSERT INTO `marca` (`id`, `descripcion`, `created_at`, `updated_at`, `created_by`, `updated_by`) VALUES
(1, 'DELL', '2017-06-21 21:56:22', '0000-00-00 00:00:00', 1, 0),
(2, 'Hewlett-Packard', '2017-06-21 21:56:52', '0000-00-00 00:00:00', 1, 0),
(3, 'Intell', '2017-06-22 01:44:25', '0000-00-00 00:00:00', 1, 0);

-- --------------------------------------------------------

--
-- Estructura de tabla para la tabla `menu`
--

CREATE TABLE IF NOT EXISTS `menu` (
  `id` int(10) unsigned NOT NULL,
  `menu_id` int(10) unsigned DEFAULT NULL,
  `tipo_menu_id` int(10) unsigned NOT NULL,
  `etiqueta` varchar(25) CHARACTER SET utf8 NOT NULL,
  `url` varchar(100) CHARACTER SET utf8 NOT NULL,
  `posicion` tinyint(3) unsigned NOT NULL DEFAULT '1',
  `icono` varchar(35) CHARACTER SET utf8 DEFAULT NULL,
  `created_at` timestamp NOT NULL DEFAULT CURRENT_TIMESTAMP,
  `updated_at` datetime NOT NULL,
  `created_by` int(10) unsigned NOT NULL,
  `updated_by` int(10) unsigned NOT NULL
) ENGINE=InnoDB AUTO_INCREMENT=26 DEFAULT CHARSET=utf8 COLLATE=utf8_spanish2_ci;

--
-- Volcado de datos para la tabla `menu`
--

INSERT INTO `menu` (`id`, `menu_id`, `tipo_menu_id`, `etiqueta`, `url`, `posicion`, `icono`, `created_at`, `updated_at`, `created_by`, `updated_by`) VALUES
(1, NULL, 1, 'Registros Base de Datos', 'http://sgi.sti.com.ve/', 1, 'fa fa-exchange', '2017-06-21 22:52:36', '2017-06-23 13:25:39', 1, 1),
(2, NULL, 1, 'Navegacion', 'http://sgi.sti.com.ve/', 2, 'fa fa-bars', '2017-06-21 22:52:57', '0000-00-00 00:00:00', 1, 0),
(3, NULL, 1, 'Inventario', 'http://sgi.sti.com.ve/', 3, 'fa fa-desktop', '2017-06-21 22:56:04', '2017-06-21 18:56:23', 1, 1),
(4, NULL, 1, 'Seguridad', 'http://sgi.sti.com.ve/', 4, 'fa fa-lock', '2017-06-21 22:58:43', '0000-00-00 00:00:00', 1, 0),
(5, 1, 1, 'Estados', 'admin/generales/estado', 1, 'fa fa-tags', '2017-06-21 23:00:52', '2017-06-21 19:46:14', 1, 1),
(6, 1, 1, 'Sistema Operativo', 'admin/generales/sistema_operativo', 2, 'fa fa-windows', '2017-06-21 23:02:41', '2017-06-21 19:46:23', 1, 1),
(7, 2, 1, 'Lista Menu', 'admin/navegacion/menu/ ', 2, 'fa fa-maxcdn', '2017-06-21 23:04:11', '2017-06-21 19:46:38', 1, 1),
(8, 2, 1, 'Tipo Menu', 'admin/navegacion/tipo-menu/', 1, 'fa fa-maxcdn', '2017-06-21 23:04:58', '2017-06-21 19:46:31', 1, 1),
(9, 1, 1, 'Marcas', 'admin/inventario/marca', 4, 'fa  fa-registered', '2017-06-21 23:09:04', '2017-06-21 19:46:46', 1, 1),
(10, 1, 1, 'Modelos', 'admin/inventario/modelo', 5, 'fa  fa-registered', '2017-06-21 23:09:37', '2017-06-21 19:46:55', 1, 1),
(11, 1, 1, 'Tipos de Perifericos', 'admin/inventario/tperiferico', 7, 'fa fa-plug', '2017-06-21 23:11:11', '2017-06-21 19:47:03', 1, 1),
(12, 1, 1, 'Dispositivos de Red', 'admin/inventario/tred', 8, 'fa fa-sitemap', '2017-06-21 23:14:03', '2017-06-21 19:47:12', 1, 1),
(13, 1, 1, 'Tipos de Computadoras', 'admin/inventario/tcomputadora', 6, 'fa fa-server', '2017-06-21 23:15:16', '2017-06-21 19:47:21', 1, 1),
(14, 4, 1, 'Departamentos', 'admin/seguridad/departamento', 1, 'fa fa-institution', '2017-06-21 23:17:00', '2017-06-21 19:47:29', 1, 1),
(15, 4, 1, 'Usuarios', 'admin/seguridad/usuario', 2, 'fa fa-user-plus', '2017-06-21 23:17:46', '2017-06-21 19:47:37', 1, 1),
(16, 4, 1, 'Permisos', 'admin/seguridad/permiso', 3, 'fa fa-user-secret', '2017-06-21 23:18:38', '2017-06-21 19:47:47', 1, 1),
(17, 4, 1, 'Roles', 'admin/seguridad/rol', 4, 'fa fa-users', '2017-06-21 23:19:22', '2017-06-21 19:47:55', 1, 1),
(18, 4, 1, 'Asignar Permisos', 'admin/seguridad/permiso_rol', 5, 'fa fa-user-secret', '2017-06-21 23:20:11', '2017-06-21 19:48:04', 1, 1),
(19, 4, 1, 'Asignar Menu', 'admin/navegacion/menu_rol', 6, 'fa fa-user-plus', '2017-06-21 23:20:55', '2017-06-21 19:48:12', 1, 1),
(20, 4, 1, 'Crear Menu', 'admin/navegacion/menu/crear-archivos', 7, 'fa fa-history', '2017-06-21 23:21:59', '2017-06-21 19:48:20', 1, 1),
(21, 4, 1, 'Crear Permisos', 'admin/seguridad/permiso/crear_archivos', 8, 'fa  fa-unlock', '2017-06-21 23:27:08', '2017-06-21 19:48:29', 1, 1),
(22, 1, 1, 'Lista de Procesador', 'admin/generales/Procesador', 3, 'fa  fa-cube', '2017-06-22 01:55:59', '2017-06-21 21:56:51', 1, 1),
(23, 3, 1, 'Computadoras', 'dashboard/computadoras', 1, 'fa fa-desktop', '2017-06-22 21:40:46', '0000-00-00 00:00:00', 1, 0),
(24, 3, 1, 'Perifericos', 'dashboard/periferico/', 2, 'fa fa-plug', '2017-06-23 01:12:24', '2017-06-22 21:12:33', 1, 1),
(25, 3, 1, 'Dispositivo de Red', 'dashboard/red', 3, 'fa fa-exchange', '2017-06-23 17:25:33', '0000-00-00 00:00:00', 1, 0);

-- --------------------------------------------------------

--
-- Estructura de tabla para la tabla `menu_rol`
--

CREATE TABLE IF NOT EXISTS `menu_rol` (
  `id` int(10) unsigned NOT NULL,
  `menu_id` int(10) unsigned NOT NULL,
  `rol_id` int(10) unsigned NOT NULL,
  `estado` tinyint(3) unsigned NOT NULL,
  `created_at` timestamp NOT NULL DEFAULT CURRENT_TIMESTAMP,
  `updated_at` datetime NOT NULL,
  `created_by` int(10) unsigned NOT NULL,
  `updated_by` int(10) unsigned NOT NULL
) ENGINE=InnoDB AUTO_INCREMENT=31 DEFAULT CHARSET=utf8 COLLATE=utf8_spanish2_ci;

--
-- Volcado de datos para la tabla `menu_rol`
--

INSERT INTO `menu_rol` (`id`, `menu_id`, `rol_id`, `estado`, `created_at`, `updated_at`, `created_by`, `updated_by`) VALUES
(1, 1, 1, 1, '2017-06-21 23:23:08', '0000-00-00 00:00:00', 1, 0),
(2, 5, 1, 1, '2017-06-21 23:23:09', '0000-00-00 00:00:00', 1, 0),
(3, 6, 1, 1, '2017-06-21 23:23:12', '0000-00-00 00:00:00', 1, 0),
(4, 2, 1, 1, '2017-06-21 23:23:13', '0000-00-00 00:00:00', 1, 0),
(5, 8, 1, 1, '2017-06-21 23:23:14', '0000-00-00 00:00:00', 1, 0),
(6, 7, 1, 1, '2017-06-21 23:23:15', '0000-00-00 00:00:00', 1, 0),
(7, 3, 1, 1, '2017-06-21 23:23:16', '0000-00-00 00:00:00', 1, 0),
(8, 9, 1, 1, '2017-06-21 23:23:17', '0000-00-00 00:00:00', 1, 0),
(9, 10, 1, 1, '2017-06-21 23:23:20', '0000-00-00 00:00:00', 1, 0),
(10, 11, 1, 1, '2017-06-21 23:23:22', '0000-00-00 00:00:00', 1, 0),
(11, 12, 1, 1, '2017-06-21 23:23:23', '0000-00-00 00:00:00', 1, 0),
(12, 13, 1, 1, '2017-06-21 23:23:25', '0000-00-00 00:00:00', 1, 0),
(13, 4, 1, 1, '2017-06-21 23:23:26', '0000-00-00 00:00:00', 1, 0),
(14, 14, 1, 1, '2017-06-21 23:23:26', '0000-00-00 00:00:00', 1, 0),
(15, 15, 1, 1, '2017-06-21 23:23:27', '0000-00-00 00:00:00', 1, 0),
(16, 16, 1, 1, '2017-06-21 23:23:28', '0000-00-00 00:00:00', 1, 0),
(17, 17, 1, 1, '2017-06-21 23:23:29', '0000-00-00 00:00:00', 1, 0),
(18, 18, 1, 1, '2017-06-21 23:23:30', '0000-00-00 00:00:00', 1, 0),
(19, 19, 1, 1, '2017-06-21 23:23:31', '0000-00-00 00:00:00', 1, 0),
(20, 20, 1, 1, '2017-06-21 23:23:32', '0000-00-00 00:00:00', 1, 0),
(21, 21, 1, 1, '2017-06-22 01:56:27', '0000-00-00 00:00:00', 1, 0),
(22, 22, 1, 1, '2017-06-22 01:58:45', '0000-00-00 00:00:00', 1, 0),
(23, 23, 1, 1, '2017-06-22 21:41:22', '0000-00-00 00:00:00', 1, 0),
(24, 24, 1, 1, '2017-06-23 01:12:46', '0000-00-00 00:00:00', 1, 0),
(25, 25, 1, 1, '2017-06-23 17:26:28', '0000-00-00 00:00:00', 1, 0),
(26, 1, 2, 0, '2017-06-30 21:03:23', '2017-06-30 17:03:23', 1, 1),
(27, 3, 2, 1, '2017-06-30 21:03:28', '0000-00-00 00:00:00', 1, 0),
(28, 23, 2, 1, '2017-06-30 21:03:28', '0000-00-00 00:00:00', 1, 0),
(29, 24, 2, 1, '2017-06-30 21:03:30', '0000-00-00 00:00:00', 1, 0),
(30, 25, 2, 1, '2017-06-30 21:03:31', '0000-00-00 00:00:00', 1, 0);

-- --------------------------------------------------------

--
-- Estructura de tabla para la tabla `migrations`
--

CREATE TABLE IF NOT EXISTS `migrations` (
  `version` bigint(20) NOT NULL
) ENGINE=InnoDB DEFAULT CHARSET=utf8;

-- --------------------------------------------------------

--
-- Estructura de tabla para la tabla `modelo`
--

CREATE TABLE IF NOT EXISTS `modelo` (
  `id` int(10) unsigned NOT NULL,
  `marca_id` int(10) unsigned NOT NULL,
  `descripcion` varchar(45) COLLATE utf8_spanish2_ci NOT NULL,
  `created_at` timestamp NOT NULL DEFAULT CURRENT_TIMESTAMP,
  `updated_at` datetime NOT NULL,
  `created_by` int(10) unsigned NOT NULL,
  `updated_by` int(10) unsigned NOT NULL
) ENGINE=InnoDB AUTO_INCREMENT=3 DEFAULT CHARSET=utf8 COLLATE=utf8_spanish2_ci;

--
-- Volcado de datos para la tabla `modelo`
--

INSERT INTO `modelo` (`id`, `marca_id`, `descripcion`, `created_at`, `updated_at`, `created_by`, `updated_by`) VALUES
(1, 1, 'Inspiron', '2017-06-21 22:04:20', '0000-00-00 00:00:00', 1, 0),
(2, 3, 'Celeron', '2017-06-22 01:44:38', '0000-00-00 00:00:00', 1, 0);

-- --------------------------------------------------------

--
-- Estructura de tabla para la tabla `periferico`
--

CREATE TABLE IF NOT EXISTS `periferico` (
  `id` int(10) unsigned NOT NULL,
  `nombre` varchar(45) COLLATE utf8_spanish2_ci NOT NULL,
  `tipo_periferico_id` int(10) unsigned NOT NULL,
  `marca_id` int(10) unsigned NOT NULL,
  `modelo_id` int(10) unsigned NOT NULL,
  `serial` varchar(45) COLLATE utf8_spanish2_ci NOT NULL,
  `estado_id` int(10) unsigned NOT NULL,
  `usuario_id` int(10) unsigned NOT NULL,
  `created_at` timestamp NOT NULL DEFAULT CURRENT_TIMESTAMP,
  `updated_at` datetime NOT NULL,
  `created_by` int(10) unsigned NOT NULL,
  `updated_by` int(10) unsigned NOT NULL
) ENGINE=InnoDB AUTO_INCREMENT=4 DEFAULT CHARSET=utf8 COLLATE=utf8_spanish2_ci;

--
-- Volcado de datos para la tabla `periferico`
--

INSERT INTO `periferico` (`id`, `nombre`, `tipo_periferico_id`, `marca_id`, `modelo_id`, `serial`, `estado_id`, `usuario_id`, `created_at`, `updated_at`, `created_by`, `updated_by`) VALUES
(2, 'mouse', 1, 2, 1, 'sds', 1, 2, '2017-06-23 01:24:30', '0000-00-00 00:00:00', 0, 0),
(3, 'mouse', 1, 2, 1, '232445', 2, 3, '2017-06-23 01:10:04', '2017-06-22 21:11:28', 1, 1);

-- --------------------------------------------------------

--
-- Estructura de tabla para la tabla `permiso`
--

CREATE TABLE IF NOT EXISTS `permiso` (
  `id` int(10) unsigned NOT NULL,
  `nombre` varchar(50) CHARACTER SET utf8 NOT NULL,
  `nombre_a_mostrar` varchar(45) CHARACTER SET utf8 NOT NULL,
  `observacion` varchar(200) CHARACTER SET utf8 NOT NULL,
  `created_at` timestamp NOT NULL DEFAULT CURRENT_TIMESTAMP,
  `updated_at` datetime NOT NULL,
  `created_by` int(11) NOT NULL,
  `updated_by` int(10) unsigned NOT NULL
) ENGINE=InnoDB AUTO_INCREMENT=3 DEFAULT CHARSET=utf8 COLLATE=utf8_spanish2_ci;

--
-- Volcado de datos para la tabla `permiso`
--

INSERT INTO `permiso` (`id`, `nombre`, `nombre_a_mostrar`, `observacion`, `created_at`, `updated_at`, `created_by`, `updated_by`) VALUES
(1, 'dashboard/computadoras@index', 'Mostrar Computadora', 'Mostrar Computadora', '2017-06-30 21:11:53', '2017-06-30 17:47:22', 1, 1),
(2, 'dashboard/computadoras@crear', 'Crear Computadora', 'Crear Computadora', '2017-06-30 21:12:19', '2017-06-30 17:47:18', 1, 1);

-- --------------------------------------------------------

--
-- Estructura de tabla para la tabla `permiso_rol`
--

CREATE TABLE IF NOT EXISTS `permiso_rol` (
  `id` int(10) unsigned NOT NULL,
  `permiso_id` int(10) unsigned NOT NULL,
  `rol_id` int(10) unsigned NOT NULL,
  `estado` tinyint(3) unsigned NOT NULL,
  `created_at` timestamp NOT NULL DEFAULT CURRENT_TIMESTAMP,
  `updated_at` datetime NOT NULL,
  `created_by` int(10) unsigned NOT NULL,
  `updated_by` int(10) unsigned NOT NULL
) ENGINE=InnoDB AUTO_INCREMENT=5 DEFAULT CHARSET=utf8 COLLATE=utf8_spanish2_ci;

--
-- Volcado de datos para la tabla `permiso_rol`
--

INSERT INTO `permiso_rol` (`id`, `permiso_id`, `rol_id`, `estado`, `created_at`, `updated_at`, `created_by`, `updated_by`) VALUES
(1, 2, 1, 1, '2017-06-30 21:12:30', '2017-06-30 17:47:30', 1, 1),
(2, 2, 2, 1, '2017-06-30 21:12:31', '0000-00-00 00:00:00', 1, 0),
(3, 1, 2, 1, '2017-06-30 21:12:32', '0000-00-00 00:00:00', 1, 0),
(4, 1, 1, 1, '2017-06-30 21:47:31', '0000-00-00 00:00:00', 1, 0);

-- --------------------------------------------------------

--
-- Estructura de tabla para la tabla `Procesador`
--

CREATE TABLE IF NOT EXISTS `Procesador` (
  `id` int(10) unsigned NOT NULL,
  `marca_id` int(10) unsigned NOT NULL,
  `descripcion` varchar(35) CHARACTER SET armscii8 DEFAULT NULL,
  `procesadores_logicos` int(11) NOT NULL,
  `cores` int(11) NOT NULL,
  `velocidad` varchar(10) COLLATE utf8_spanish2_ci NOT NULL,
  `created_at` timestamp NOT NULL DEFAULT CURRENT_TIMESTAMP,
  `updated_at` datetime NOT NULL,
  `created_by` int(10) unsigned NOT NULL,
  `updated_by` int(10) unsigned NOT NULL
) ENGINE=InnoDB AUTO_INCREMENT=2 DEFAULT CHARSET=utf8 COLLATE=utf8_spanish2_ci;

--
-- Volcado de datos para la tabla `Procesador`
--

INSERT INTO `Procesador` (`id`, `marca_id`, `descripcion`, `procesadores_logicos`, `cores`, `velocidad`, `created_at`, `updated_at`, `created_by`, `updated_by`) VALUES
(1, 3, 'Celeron', 4, 2, '2.6 GHz', '2017-06-22 01:51:34', '2017-06-21 21:53:30', 1, 1);

-- --------------------------------------------------------

--
-- Estructura de tabla para la tabla `red`
--

CREATE TABLE IF NOT EXISTS `red` (
  `id` int(10) unsigned NOT NULL,
  `hostname` varchar(45) COLLATE utf8_spanish2_ci NOT NULL,
  `descripcion` varchar(45) COLLATE utf8_spanish2_ci NOT NULL,
  `tred_id` int(10) unsigned NOT NULL,
  `serial` varchar(45) COLLATE utf8_spanish2_ci NOT NULL,
  `marca_id_marca` int(10) unsigned NOT NULL,
  `modelo_id` int(10) unsigned NOT NULL,
  `usuario_id` int(10) unsigned NOT NULL,
  `estado_id` int(10) unsigned NOT NULL,
  `created_at` timestamp NOT NULL DEFAULT CURRENT_TIMESTAMP,
  `updated_at` datetime NOT NULL,
  `created_by` int(10) unsigned NOT NULL,
  `updated_by` int(10) unsigned NOT NULL
) ENGINE=InnoDB AUTO_INCREMENT=2 DEFAULT CHARSET=utf8 COLLATE=utf8_spanish2_ci;

--
-- Volcado de datos para la tabla `red`
--

INSERT INTO `red` (`id`, `hostname`, `descripcion`, `tred_id`, `serial`, `marca_id_marca`, `modelo_id`, `usuario_id`, `estado_id`, `created_at`, `updated_at`, `created_by`, `updated_by`) VALUES
(1, 'dsdsd', 'sdsd', 2, 'sdsdsd', 1, 2, 2, 1, '2017-06-23 17:26:51', '0000-00-00 00:00:00', 1, 0);

-- --------------------------------------------------------

--
-- Estructura de tabla para la tabla `rol`
--

CREATE TABLE IF NOT EXISTS `rol` (
  `id` int(10) unsigned NOT NULL,
  `descripcion` varchar(20) CHARACTER SET utf8 NOT NULL,
  `observacion` varchar(200) CHARACTER SET utf8 NOT NULL,
  `created_at` timestamp NOT NULL DEFAULT CURRENT_TIMESTAMP,
  `updated_at` datetime NOT NULL,
  `created_by` int(10) unsigned NOT NULL,
  `updated_by` int(10) unsigned NOT NULL
) ENGINE=InnoDB AUTO_INCREMENT=3 DEFAULT CHARSET=utf8 COLLATE=utf8_spanish2_ci;

--
-- Volcado de datos para la tabla `rol`
--

INSERT INTO `rol` (`id`, `descripcion`, `observacion`, `created_at`, `updated_at`, `created_by`, `updated_by`) VALUES
(1, 'SuperAdministrador', 'Rol Con todos los privilegios de la plataforma y admin/*.', '2017-06-02 16:10:06', '2017-06-12 11:50:03', 1, 0),
(2, 'Operador', 'Permite a los usuarios Manipular las acciones de Operador', '2017-06-02 16:10:06', '2017-06-13 20:35:45', 1, 1);

-- --------------------------------------------------------

--
-- Estructura de tabla para la tabla `sgi_session`
--

CREATE TABLE IF NOT EXISTS `sgi_session` (
  `id` varchar(40) NOT NULL,
  `ip_address` varchar(45) NOT NULL,
  `timestamp` int(10) unsigned NOT NULL DEFAULT '0',
  `data` blob NOT NULL
) ENGINE=InnoDB DEFAULT CHARSET=utf8mb4;

--
-- Volcado de datos para la tabla `sgi_session`
--

INSERT INTO `sgi_session` (`id`, `ip_address`, `timestamp`, `data`) VALUES
('1mqukovfcj4aquq71qcos03kvkcovvc7', '127.0.0.1', 1498181356, 0x5f5f63695f6c6173745f726567656e65726174657c693a313439383138313037343b7065746963696f6e5f75726c7c733a32323a22687474703a2f2f7367692e7374692e636f6d2e76652f223b757365725f6c6f67696e7c623a313b7573756172696f5f69647c733a313a2231223b7573756172696f7c733a353a2261646d696e223b726f6c5f69647c733a313a2231223b726f6c7c733a31383a22537570657241646d696e6973747261646f72223b6e6f6d6272657c733a353a225375706572223b6170656c6c69646f7c733a31333a2241646d696e6973747261646f72223b63726561646f7c733a31393a22323031372d30362d30322031323a31303a3036223b6176617461727c733a31303a226176617461722e706e67223b),
('2dhaq693afnve7tiq4s7fo1dt2j6fk2v', '127.0.0.1', 1498176491, 0x5f5f63695f6c6173745f726567656e65726174657c693a313439383137363230393b7065746963696f6e5f75726c7c733a32323a22687474703a2f2f7367692e7374692e636f6d2e76652f223b757365725f6c6f67696e7c623a313b7573756172696f5f69647c733a313a2231223b7573756172696f7c733a353a2261646d696e223b726f6c5f69647c733a313a2231223b726f6c7c733a31383a22537570657241646d696e6973747261646f72223b6e6f6d6272657c733a353a225375706572223b6170656c6c69646f7c733a31333a2241646d696e6973747261646f72223b63726561646f7c733a31393a22323031372d30362d30322031323a31303a3036223b6176617461727c733a31303a226176617461722e706e67223b),
('2kh13dogs389qv5j4v9fo1ql1ujai790', '127.0.0.1', 1498855334, 0x5f5f63695f6c6173745f726567656e65726174657c693a313439383835353330353b757365725f6c6f67696e7c623a313b7573756172696f5f69647c733a313a2231223b7573756172696f7c733a353a2261646d696e223b726f6c5f69647c733a313a2231223b726f6c7c733a31383a22537570657241646d696e6973747261646f72223b6e6f6d6272657c733a353a225375706572223b6170656c6c69646f7c733a31333a2241646d696e6973747261646f72223b63726561646f7c733a31393a22323031372d30362d30322031323a31303a3036223b6176617461727c733a31303a226176617461722e706e67223b),
('2m6gi70ub0t2tmhasfpsjvohlgrajh3o', '127.0.0.1', 1498226459, 0x5f5f63695f6c6173745f726567656e65726174657c693a313439383232363434373b7065746963696f6e5f75726c7c733a32323a22687474703a2f2f7367692e7374692e636f6d2e76652f223b757365725f6c6f67696e7c623a313b7573756172696f5f69647c733a313a2231223b7573756172696f7c733a353a2261646d696e223b726f6c5f69647c733a313a2231223b726f6c7c733a31383a22537570657241646d696e6973747261646f72223b6e6f6d6272657c733a353a225375706572223b6170656c6c69646f7c733a31333a2241646d696e6973747261646f72223b63726561646f7c733a31393a22323031372d30362d30322031323a31303a3036223b6176617461727c733a31303a226176617461722e706e67223b),
('342d4oq9akl05117213ntnnh9fdoptgd', '127.0.0.1', 1499092689, 0x5f5f63695f6c6173745f726567656e65726174657c693a313439393039323638393b757365725f6c6f67696e7c623a313b7573756172696f5f69647c733a313a2231223b7573756172696f7c733a353a2261646d696e223b726f6c5f69647c733a313a2231223b726f6c7c733a31383a22537570657241646d696e6973747261646f72223b6e6f6d6272657c733a353a225375706572223b6170656c6c69646f7c733a31333a2241646d696e6973747261646f72223b63726561646f7c733a31393a22323031372d30362d30322031323a31303a3036223b6176617461727c733a31303a226176617461722e706e67223b6d656e73616a657c733a3232313a223c64697620636c6173733d22616c65727420616c6572742d7375636365737320616c6572742d6469736d69737361626c65223e3c627574746f6e20747970653d22627574746f6e2220636c6173733d22636c6f73652220646174612d6469736d6973733d22616c6572742220617269612d68696464656e3d2274727565223e2674696d65733b3c2f627574746f6e3e4c6f73206172636869766f73206465206c6f73205065726d69736f7320667565726f6e2063726561646f73206f2061637475616c697a61646f7320636f7272656374616d656e74653c2f6469763e223b5f5f63695f766172737c613a313a7b733a373a226d656e73616a65223b733a333a226f6c64223b7d),
('6jalrvpdpgfs2of33ofc12hq34euj5hn', '127.0.0.1', 1498859663, 0x5f5f63695f6c6173745f726567656e65726174657c693a313439383835393636333b757365725f6c6f67696e7c623a313b7573756172696f5f69647c733a313a2231223b7573756172696f7c733a353a2261646d696e223b726f6c5f69647c733a313a2231223b726f6c7c733a31383a22537570657241646d696e6973747261646f72223b6e6f6d6272657c733a353a225375706572223b6170656c6c69646f7c733a31333a2241646d696e6973747261646f72223b63726561646f7c733a31393a22323031372d30362d30322031323a31303a3036223b6176617461727c733a31303a226176617461722e706e67223b6d656e73616a657c733a3232313a223c64697620636c6173733d22616c65727420616c6572742d7375636365737320616c6572742d6469736d69737361626c65223e3c627574746f6e20747970653d22627574746f6e2220636c6173733d22636c6f73652220646174612d6469736d6973733d22616c6572742220617269612d68696464656e3d2274727565223e2674696d65733b3c2f627574746f6e3e4c6f73206172636869766f73206465206c6f73205065726d69736f7320667565726f6e2063726561646f73206f2061637475616c697a61646f7320636f7272656374616d656e74653c2f6469763e223b5f5f63695f766172737c613a313a7b733a373a226d656e73616a65223b733a333a226f6c64223b7d),
('8fvlsftoj55qq4un21290o6m2umj0p19', '127.0.0.1', 1498175270, 0x5f5f63695f6c6173745f726567656e65726174657c693a313439383137353130333b7065746963696f6e5f75726c7c733a32323a22687474703a2f2f7367692e7374692e636f6d2e76652f223b757365725f6c6f67696e7c623a313b7573756172696f5f69647c733a313a2231223b7573756172696f7c733a353a2261646d696e223b726f6c5f69647c733a313a2231223b726f6c7c733a31383a22537570657241646d696e6973747261646f72223b6e6f6d6272657c733a353a225375706572223b6170656c6c69646f7c733a31333a2241646d696e6973747261646f72223b63726561646f7c733a31393a22323031372d30362d30322031323a31303a3036223b6176617461727c733a31303a226176617461722e706e67223b),
('8hi5csjs12pcjt99l63qkil7j6rfkrml', '127.0.0.1', 1498182088, 0x5f5f63695f6c6173745f726567656e65726174657c693a313439383138323031303b7065746963696f6e5f75726c7c733a32323a22687474703a2f2f7367692e7374692e636f6d2e76652f223b757365725f6c6f67696e7c623a313b7573756172696f5f69647c733a313a2231223b7573756172696f7c733a353a2261646d696e223b726f6c5f69647c733a313a2231223b726f6c7c733a31383a22537570657241646d696e6973747261646f72223b6e6f6d6272657c733a353a225375706572223b6170656c6c69646f7c733a31333a2241646d696e6973747261646f72223b63726561646f7c733a31393a22323031372d30362d30322031323a31303a3036223b6176617461727c733a31303a226176617461722e706e67223b6d656e73616a657c733a3139303a223c64697620636c6173733d22616c65727420616c6572742d7375636365737320616c6572742d6469736d69737361626c65223e3c627574746f6e20747970653d22627574746f6e2220636c6173733d22636c6f73652220646174612d6469736d6973733d22616c6572742220617269612d68696464656e3d2274727565223e2674696d65733b3c2f627574746f6e3e456c20726567697374726f206675652061637475616c697a61646f20657869746f73616d656e74652e3c2f6469763e223b5f5f63695f766172737c613a313a7b733a373a226d656e73616a65223b733a333a226f6c64223b7d),
('91f5mg48hpu29n5g0322nj6t1to3ti47', '127.0.0.1', 1498240592, 0x5f5f63695f6c6173745f726567656e65726174657c693a313439383234303431333b7065746963696f6e5f75726c7c733a32323a22687474703a2f2f7367692e7374692e636f6d2e76652f223b757365725f6c6f67696e7c623a313b7573756172696f5f69647c733a313a2231223b7573756172696f7c733a353a2261646d696e223b726f6c5f69647c733a313a2231223b726f6c7c733a31383a22537570657241646d696e6973747261646f72223b6e6f6d6272657c733a353a225375706572223b6170656c6c69646f7c733a31333a2241646d696e6973747261646f72223b63726561646f7c733a31393a22323031372d30362d30322031323a31303a3036223b6176617461727c733a31303a226176617461722e706e67223b6d656e73616a657c733a3231343a223c64697620636c6173733d22616c65727420616c6572742d7375636365737320616c6572742d6469736d69737361626c65223e3c627574746f6e20747970653d22627574746f6e2220636c6173733d22636c6f73652220646174612d6469736d6973733d22616c6572742220617269612d68696464656e3d2274727565223e2674696d65733b3c2f627574746f6e3e4c6f73206172636869766f73206465204d656e757320667565726f6e2063726561646f73206f2061637475616c697a61646f7320636f7272656374616d656e74653c2f6469763e223b5f5f63695f766172737c613a313a7b733a373a226d656e73616a65223b733a333a226f6c64223b7d),
('a6jc3ob8oo054ap4ktnu8tit6j3q2tee', '127.0.0.1', 1498763963, 0x5f5f63695f6c6173745f726567656e65726174657c693a313439383736333733323b7065746963696f6e5f75726c7c733a32323a22687474703a2f2f7367692e7374692e636f6d2e76652f223b757365725f6c6f67696e7c623a313b7573756172696f5f69647c733a313a2231223b7573756172696f7c733a353a2261646d696e223b726f6c5f69647c733a313a2231223b726f6c7c733a31383a22537570657241646d696e6973747261646f72223b6e6f6d6272657c733a353a225375706572223b6170656c6c69646f7c733a31333a2241646d696e6973747261646f72223b63726561646f7c733a31393a22323031372d30362d30322031323a31303a3036223b6176617461727c733a31303a226176617461722e706e67223b),
('ad3121b5pf1jbj96j3hfo7mbvkfk8to0', '127.0.0.1', 1498179398, 0x5f5f63695f6c6173745f726567656e65726174657c693a313439383137393331363b7065746963696f6e5f75726c7c733a32323a22687474703a2f2f7367692e7374692e636f6d2e76652f223b757365725f6c6f67696e7c623a313b7573756172696f5f69647c733a313a2231223b7573756172696f7c733a353a2261646d696e223b726f6c5f69647c733a313a2231223b726f6c7c733a31383a22537570657241646d696e6973747261646f72223b6e6f6d6272657c733a353a225375706572223b6170656c6c69646f7c733a31333a2241646d696e6973747261646f72223b63726561646f7c733a31393a22323031372d30362d30322031323a31303a3036223b6176617461727c733a31303a226176617461722e706e67223b6d656e73616a657c733a3139303a223c64697620636c6173733d22616c65727420616c6572742d7375636365737320616c6572742d6469736d69737361626c65223e3c627574746f6e20747970653d22627574746f6e2220636c6173733d22636c6f73652220646174612d6469736d6973733d22616c6572742220617269612d68696464656e3d2274727565223e2674696d65733b3c2f627574746f6e3e456c20726567697374726f206675652061637475616c697a61646f20657869746f73616d656e74652e3c2f6469763e223b5f5f63695f766172737c613a313a7b733a373a226d656e73616a65223b733a333a226f6c64223b7d),
('aulfj7ekpmjnp3pp83vncd0ve7ghcm1g', '127.0.0.1', 1498762999, 0x5f5f63695f6c6173745f726567656e65726174657c693a313439383736323936353b7065746963696f6e5f75726c7c733a32323a22687474703a2f2f7367692e7374692e636f6d2e76652f223b757365725f6c6f67696e7c623a313b7573756172696f5f69647c733a313a2231223b7573756172696f7c733a353a2261646d696e223b726f6c5f69647c733a313a2231223b726f6c7c733a31383a22537570657241646d696e6973747261646f72223b6e6f6d6272657c733a353a225375706572223b6170656c6c69646f7c733a31333a2241646d696e6973747261646f72223b63726561646f7c733a31393a22323031372d30362d30322031323a31303a3036223b6176617461727c733a31303a226176617461722e706e67223b),
('cimfvucprvnhgkjal7r8durei2ujvl2p', '127.0.0.1', 1498178908, 0x5f5f63695f6c6173745f726567656e65726174657c693a313439383137383738343b7065746963696f6e5f75726c7c733a32323a22687474703a2f2f7367692e7374692e636f6d2e76652f223b757365725f6c6f67696e7c623a313b7573756172696f5f69647c733a313a2231223b7573756172696f7c733a353a2261646d696e223b726f6c5f69647c733a313a2231223b726f6c7c733a31383a22537570657241646d696e6973747261646f72223b6e6f6d6272657c733a353a225375706572223b6170656c6c69646f7c733a31333a2241646d696e6973747261646f72223b63726561646f7c733a31393a22323031372d30362d30322031323a31303a3036223b6176617461727c733a31303a226176617461722e706e67223b6d656e73616a657c733a3139303a223c64697620636c6173733d22616c65727420616c6572742d7375636365737320616c6572742d6469736d69737361626c65223e3c627574746f6e20747970653d22627574746f6e2220636c6173733d22636c6f73652220646174612d6469736d6973733d22616c6572742220617269612d68696464656e3d2274727565223e2674696d65733b3c2f627574746f6e3e456c20726567697374726f206675652061637475616c697a61646f20657869746f73616d656e74652e3c2f6469763e223b5f5f63695f766172737c613a313a7b733a373a226d656e73616a65223b733a333a226f6c64223b7d),
('dartpa437o8foovasbanmj8b75t82nah', '127.0.0.1', 1498240674, 0x5f5f63695f6c6173745f726567656e65726174657c693a313439383234303630313b7065746963696f6e5f75726c7c733a32323a22687474703a2f2f7367692e7374692e636f6d2e76652f223b757365725f6c6f67696e7c623a313b7573756172696f5f69647c733a313a2231223b7573756172696f7c733a353a2261646d696e223b726f6c5f69647c733a313a2231223b726f6c7c733a31383a22537570657241646d696e6973747261646f72223b6e6f6d6272657c733a353a225375706572223b6170656c6c69646f7c733a31333a2241646d696e6973747261646f72223b63726561646f7c733a31393a22323031372d30362d30322031323a31303a3036223b6176617461727c733a31303a226176617461722e706e67223b),
('dta2bsghvbu9065q7jg56b74svb22iic', '127.0.0.1', 1498240383, 0x5f5f63695f6c6173745f726567656e65726174657c693a313439383234303039383b7065746963696f6e5f75726c7c733a32323a22687474703a2f2f7367692e7374692e636f6d2e76652f223b757365725f6c6f67696e7c623a313b7573756172696f5f69647c733a313a2231223b7573756172696f7c733a353a2261646d696e223b726f6c5f69647c733a313a2231223b726f6c7c733a31383a22537570657241646d696e6973747261646f72223b6e6f6d6272657c733a353a225375706572223b6170656c6c69646f7c733a31333a2241646d696e6973747261646f72223b63726561646f7c733a31393a22323031372d30362d30322031323a31303a3036223b6176617461727c733a31303a226176617461722e706e67223b),
('fg3qe1g0bpevhdg6qb2951480h0gs0te', '127.0.0.1', 1498180619, 0x5f5f63695f6c6173745f726567656e65726174657c693a313439383138303431333b7065746963696f6e5f75726c7c733a32323a22687474703a2f2f7367692e7374692e636f6d2e76652f223b757365725f6c6f67696e7c623a313b7573756172696f5f69647c733a313a2231223b7573756172696f7c733a353a2261646d696e223b726f6c5f69647c733a313a2231223b726f6c7c733a31383a22537570657241646d696e6973747261646f72223b6e6f6d6272657c733a353a225375706572223b6170656c6c69646f7c733a31333a2241646d696e6973747261646f72223b63726561646f7c733a31393a22323031372d30362d30322031323a31303a3036223b6176617461727c733a31303a226176617461722e706e67223b),
('hcrsigvrb3l3hie02uvn5ib4ep88fegs', '127.0.0.1', 1499092652, 0x5f5f63695f6c6173745f726567656e65726174657c693a313439393039323335373b757365725f6c6f67696e7c623a313b7573756172696f5f69647c733a313a2231223b7573756172696f7c733a353a2261646d696e223b726f6c5f69647c733a313a2231223b726f6c7c733a31383a22537570657241646d696e6973747261646f72223b6e6f6d6272657c733a353a225375706572223b6170656c6c69646f7c733a31333a2241646d696e6973747261646f72223b63726561646f7c733a31393a22323031372d30362d30322031323a31303a3036223b6176617461727c733a31303a226176617461722e706e67223b6d656e73616a657c733a3232313a223c64697620636c6173733d22616c65727420616c6572742d7375636365737320616c6572742d6469736d69737361626c65223e3c627574746f6e20747970653d22627574746f6e2220636c6173733d22636c6f73652220646174612d6469736d6973733d22616c6572742220617269612d68696464656e3d2274727565223e2674696d65733b3c2f627574746f6e3e4c6f73206172636869766f73206465206c6f73205065726d69736f7320667565726f6e2063726561646f73206f2061637475616c697a61646f7320636f7272656374616d656e74653c2f6469763e223b5f5f63695f766172737c613a313a7b733a373a226d656e73616a65223b733a333a226f6c64223b7d),
('i70uul28eq13d3bklhfd2majkk55nmtm', '127.0.0.1', 1498180945, 0x5f5f63695f6c6173745f726567656e65726174657c693a313439383138303735393b7065746963696f6e5f75726c7c733a32323a22687474703a2f2f7367692e7374692e636f6d2e76652f223b757365725f6c6f67696e7c623a313b7573756172696f5f69647c733a313a2231223b7573756172696f7c733a353a2261646d696e223b726f6c5f69647c733a313a2231223b726f6c7c733a31383a22537570657241646d696e6973747261646f72223b6e6f6d6272657c733a353a225375706572223b6170656c6c69646f7c733a31333a2241646d696e6973747261646f72223b63726561646f7c733a31393a22323031372d30362d30322031323a31303a3036223b6176617461727c733a31303a226176617461722e706e67223b),
('ihuc126ksd5pd7nt0evksktl8a8hor8s', '127.0.0.1', 1498182175, 0x5f5f63695f6c6173745f726567656e65726174657c693a313439383138323130373b7065746963696f6e5f75726c7c733a34323a22687474703a2f2f7367692e7374692e636f6d2e76652f64617368626f6172642f7065726966657269636f223b757365725f6c6f67696e7c623a313b7573756172696f5f69647c733a313a2231223b7573756172696f7c733a353a2261646d696e223b726f6c5f69647c733a313a2231223b726f6c7c733a31383a22537570657241646d696e6973747261646f72223b6e6f6d6272657c733a353a225375706572223b6170656c6c69646f7c733a31333a2241646d696e6973747261646f72223b63726561646f7c733a31393a22323031372d30362d30322031323a31303a3036223b6176617461727c733a31303a226176617461722e706e67223b),
('k6mqp8bpn836umjgug5vq67mn3hgv3q2', '127.0.0.1', 1498177906, 0x5f5f63695f6c6173745f726567656e65726174657c693a313439383137373635373b7065746963696f6e5f75726c7c733a32323a22687474703a2f2f7367692e7374692e636f6d2e76652f223b757365725f6c6f67696e7c623a313b7573756172696f5f69647c733a313a2231223b7573756172696f7c733a353a2261646d696e223b726f6c5f69647c733a313a2231223b726f6c7c733a31383a22537570657241646d696e6973747261646f72223b6e6f6d6272657c733a353a225375706572223b6170656c6c69646f7c733a31333a2241646d696e6973747261646f72223b63726561646f7c733a31393a22323031372d30362d30322031323a31303a3036223b6176617461727c733a31303a226176617461722e706e67223b),
('k95hi5v40j1h6bel5ibhh2leav4it8f2', '127.0.0.1', 1498176061, 0x5f5f63695f6c6173745f726567656e65726174657c693a313439383137353831373b7065746963696f6e5f75726c7c733a32323a22687474703a2f2f7367692e7374692e636f6d2e76652f223b757365725f6c6f67696e7c623a313b7573756172696f5f69647c733a313a2231223b7573756172696f7c733a353a2261646d696e223b726f6c5f69647c733a313a2231223b726f6c7c733a31383a22537570657241646d696e6973747261646f72223b6e6f6d6272657c733a353a225375706572223b6170656c6c69646f7c733a31333a2241646d696e6973747261646f72223b63726561646f7c733a31393a22323031372d30362d30322031323a31303a3036223b6176617461727c733a31303a226176617461722e706e67223b6d656e73616a657c733a3139303a223c64697620636c6173733d22616c65727420616c6572742d7375636365737320616c6572742d6469736d69737361626c65223e3c627574746f6e20747970653d22627574746f6e2220636c6173733d22636c6f73652220646174612d6469736d6973733d22616c6572742220617269612d68696464656e3d2274727565223e2674696d65733b3c2f627574746f6e3e456c20726567697374726f206675652061637475616c697a61646f20657869746f73616d656e74652e3c2f6469763e223b5f5f63695f766172737c613a313a7b733a373a226d656e73616a65223b733a333a226f6c64223b7d),
('kisjjonv253c2do8br4md4a5b9asf7e0', '127.0.0.1', 1498181607, 0x5f5f63695f6c6173745f726567656e65726174657c693a313439383138313339383b7065746963696f6e5f75726c7c733a32323a22687474703a2f2f7367692e7374692e636f6d2e76652f223b757365725f6c6f67696e7c623a313b7573756172696f5f69647c733a313a2231223b7573756172696f7c733a353a2261646d696e223b726f6c5f69647c733a313a2231223b726f6c7c733a31383a22537570657241646d696e6973747261646f72223b6e6f6d6272657c733a353a225375706572223b6170656c6c69646f7c733a31333a2241646d696e6973747261646f72223b63726561646f7c733a31393a22323031372d30362d30322031323a31303a3036223b6176617461727c733a31303a226176617461722e706e67223b),
('kqkutmto9gdc1tj42p4khgdqe2bm35ni', '127.0.0.1', 1498177460, 0x5f5f63695f6c6173745f726567656e65726174657c693a313439383137373231363b7065746963696f6e5f75726c7c733a32323a22687474703a2f2f7367692e7374692e636f6d2e76652f223b757365725f6c6f67696e7c623a313b7573756172696f5f69647c733a313a2231223b7573756172696f7c733a353a2261646d696e223b726f6c5f69647c733a313a2231223b726f6c7c733a31383a22537570657241646d696e6973747261646f72223b6e6f6d6272657c733a353a225375706572223b6170656c6c69646f7c733a31333a2241646d696e6973747261646f72223b63726561646f7c733a31393a22323031372d30362d30322031323a31303a3036223b6176617461727c733a31303a226176617461722e706e67223b),
('l351g521mlkkhsj3dfsb5net9pkj80f6', '127.0.0.1', 1498854058, 0x5f5f63695f6c6173745f726567656e65726174657c693a313439383835333930363b757365725f6c6f67696e7c623a313b7573756172696f5f69647c733a313a2231223b7573756172696f7c733a353a2261646d696e223b726f6c5f69647c733a313a2231223b726f6c7c733a31383a22537570657241646d696e6973747261646f72223b6e6f6d6272657c733a353a225375706572223b6170656c6c69646f7c733a31333a2241646d696e6973747261646f72223b63726561646f7c733a31393a22323031372d30362d30322031323a31303a3036223b6176617461727c733a31303a226176617461722e706e67223b6d656e73616a657c733a3139303a223c64697620636c6173733d22616c65727420616c6572742d7375636365737320616c6572742d6469736d69737361626c65223e3c627574746f6e20747970653d22627574746f6e2220636c6173733d22636c6f73652220646174612d6469736d6973733d22616c6572742220617269612d68696464656e3d2274727565223e2674696d65733b3c2f627574746f6e3e456c20726567697374726f206675652061637475616c697a61646f20657869746f73616d656e74652e3c2f6469763e223b5f5f63695f766172737c613a313a7b733a373a226d656e73616a65223b733a333a226f6c64223b7d),
('lldicdlbm1qu16jcpp871gpostj3ns7i', '127.0.0.1', 1498856683, 0x5f5f63695f6c6173745f726567656e65726174657c693a313439383835363636363b757365725f6c6f67696e7c623a313b7573756172696f5f69647c733a313a2234223b7573756172696f7c733a353a227465737431223b726f6c5f69647c733a313a2232223b726f6c7c733a383a224f70657261646f72223b6e6f6d6272657c733a353a227465737431223b6170656c6c69646f7c733a353a227465737431223b63726561646f7c733a31393a22323031372d30362d33302031373a30303a3437223b6176617461727c733a31323a226f70657261646f722e6a7067223b),
('nbd13fku8dnp2bhr9kaunia71lei38ao', '127.0.0.1', 1498176833, 0x5f5f63695f6c6173745f726567656e65726174657c693a313439383137363534323b7065746963696f6e5f75726c7c733a32323a22687474703a2f2f7367692e7374692e636f6d2e76652f223b757365725f6c6f67696e7c623a313b7573756172696f5f69647c733a313a2231223b7573756172696f7c733a353a2261646d696e223b726f6c5f69647c733a313a2231223b726f6c7c733a31383a22537570657241646d696e6973747261646f72223b6e6f6d6272657c733a353a225375706572223b6170656c6c69646f7c733a31333a2241646d696e6973747261646f72223b63726561646f7c733a31393a22323031372d30362d30322031323a31303a3036223b6176617461727c733a31303a226176617461722e706e67223b),
('nmuouim9i954f5hkp8l2ed1p0oq7sq13', '127.0.0.1', 1498175807, 0x5f5f63695f6c6173745f726567656e65726174657c693a313439383137353531353b7065746963696f6e5f75726c7c733a32323a22687474703a2f2f7367692e7374692e636f6d2e76652f223b757365725f6c6f67696e7c623a313b7573756172696f5f69647c733a313a2231223b7573756172696f7c733a353a2261646d696e223b726f6c5f69647c733a313a2231223b726f6c7c733a31383a22537570657241646d696e6973747261646f72223b6e6f6d6272657c733a353a225375706572223b6170656c6c69646f7c733a31333a2241646d696e6973747261646f72223b63726561646f7c733a31393a22323031372d30362d30322031323a31303a3036223b6176617461727c733a31303a226176617461722e706e67223b),
('okc4854k6clgsqe8sb9jdnc5951tb5kl', '127.0.0.1', 1498176956, 0x5f5f63695f6c6173745f726567656e65726174657c693a313439383137363838373b7065746963696f6e5f75726c7c733a32323a22687474703a2f2f7367692e7374692e636f6d2e76652f223b757365725f6c6f67696e7c623a313b7573756172696f5f69647c733a313a2231223b7573756172696f7c733a353a2261646d696e223b726f6c5f69647c733a313a2231223b726f6c7c733a31383a22537570657241646d696e6973747261646f72223b6e6f6d6272657c733a353a225375706572223b6170656c6c69646f7c733a31333a2241646d696e6973747261646f72223b63726561646f7c733a31393a22323031372d30362d30322031323a31303a3036223b6176617461727c733a31303a226176617461722e706e67223b),
('ongjqs2i76ob5o9e7rgrpmap90nome1s', '10.0.3.71', 1498241929, 0x5f5f63695f6c6173745f726567656e65726174657c693a313439383234313932393b7065746963696f6e5f75726c7c733a32323a22687474703a2f2f7367692e7374692e636f6d2e76652f223b),
('qfopjdilei8u6a6ben5lqu7l8mg9nbf9', '127.0.0.1', 1498239983, 0x5f5f63695f6c6173745f726567656e65726174657c693a313439383233393738393b7065746963696f6e5f75726c7c733a32323a22687474703a2f2f7367692e7374692e636f6d2e76652f223b757365725f6c6f67696e7c623a313b7573756172696f5f69647c733a313a2231223b7573756172696f7c733a353a2261646d696e223b726f6c5f69647c733a313a2231223b726f6c7c733a31383a22537570657241646d696e6973747261646f72223b6e6f6d6272657c733a353a225375706572223b6170656c6c69646f7c733a31333a2241646d696e6973747261646f72223b63726561646f7c733a31393a22323031372d30362d30322031323a31303a3036223b6176617461727c733a31303a226176617461722e706e67223b),
('qsfe4v19fs4q982ta9ch4mdlk1n4tn1u', '127.0.0.1', 1498230227, 0x5f5f63695f6c6173745f726567656e65726174657c693a313439383233303232373b7065746963696f6e5f75726c7c733a32323a22687474703a2f2f7367692e7374692e636f6d2e76652f223b757365725f6c6f67696e7c623a313b7573756172696f5f69647c733a313a2231223b7573756172696f7c733a353a2261646d696e223b726f6c5f69647c733a313a2231223b726f6c7c733a31383a22537570657241646d696e6973747261646f72223b6e6f6d6272657c733a353a225375706572223b6170656c6c69646f7c733a31333a2241646d696e6973747261646f72223b63726561646f7c733a31393a22323031372d30362d30322031323a31303a3036223b6176617461727c733a31303a226176617461722e706e67223b),
('r9g04e8u76oq4rj0bquv6tfcd1fp8nnn', '127.0.0.1', 1498859253, 0x5f5f63695f6c6173745f726567656e65726174657c693a313439383835393232333b757365725f6c6f67696e7c623a313b7573756172696f5f69647c733a313a2231223b7573756172696f7c733a353a2261646d696e223b726f6c5f69647c733a313a2231223b726f6c7c733a31383a22537570657241646d696e6973747261646f72223b6e6f6d6272657c733a353a225375706572223b6170656c6c69646f7c733a31333a2241646d696e6973747261646f72223b63726561646f7c733a31393a22323031372d30362d30322031323a31303a3036223b6176617461727c733a31303a226176617461722e706e67223b6d656e73616a657c733a3232313a223c64697620636c6173733d22616c65727420616c6572742d7375636365737320616c6572742d6469736d69737361626c65223e3c627574746f6e20747970653d22627574746f6e2220636c6173733d22636c6f73652220646174612d6469736d6973733d22616c6572742220617269612d68696464656e3d2274727565223e2674696d65733b3c2f627574746f6e3e4c6f73206172636869766f73206465206c6f73205065726d69736f7320667565726f6e2063726561646f73206f2061637475616c697a61646f7320636f7272656374616d656e74653c2f6469763e223b5f5f63695f766172737c613a313a7b733a373a226d656e73616a65223b733a333a226f6c64223b7d),
('rs3vj2jn2j4uvrhas9uhanr14u0dvjid', '127.0.0.1', 1498857184, 0x5f5f63695f6c6173745f726567656e65726174657c693a313439383835373136303b757365725f6c6f67696e7c623a313b7573756172696f5f69647c733a313a2234223b7573756172696f7c733a353a227465737431223b726f6c5f69647c733a313a2232223b726f6c7c733a383a224f70657261646f72223b6e6f6d6272657c733a353a227465737431223b6170656c6c69646f7c733a353a227465737431223b63726561646f7c733a31393a22323031372d30362d33302031373a30303a3437223b6176617461727c733a31323a226f70657261646f722e6a7067223b),
('s71npece2a4bmklr1iirlhn1071hatu2', '127.0.0.1', 1498182005, 0x5f5f63695f6c6173745f726567656e65726174657c693a313439383138313730383b7065746963696f6e5f75726c7c733a32323a22687474703a2f2f7367692e7374692e636f6d2e76652f223b757365725f6c6f67696e7c623a313b7573756172696f5f69647c733a313a2231223b7573756172696f7c733a353a2261646d696e223b726f6c5f69647c733a313a2231223b726f6c7c733a31383a22537570657241646d696e6973747261646f72223b6e6f6d6272657c733a353a225375706572223b6170656c6c69646f7c733a31333a2241646d696e6973747261646f72223b63726561646f7c733a31393a22323031372d30362d30322031323a31303a3036223b6176617461727c733a31303a226176617461722e706e67223b6d656e73616a657c733a3138353a223c64697620636c6173733d22616c65727420616c6572742d7375636365737320616c6572742d6469736d69737361626c65223e3c627574746f6e20747970653d22627574746f6e2220636c6173733d22636c6f73652220646174612d6469736d6973733d22616c6572742220617269612d68696464656e3d2274727565223e2674696d65733b3c2f627574746f6e3e456c20726567697374726f206675652063726561646f20657869746f73616d656e74652e3c2f6469763e223b5f5f63695f766172737c613a313a7b733a373a226d656e73616a65223b733a333a226f6c64223b7d),
('scemu63tf28af9jvhki82s93throl65n', '127.0.0.1', 1498178198, 0x5f5f63695f6c6173745f726567656e65726174657c693a313439383137383033353b7065746963696f6e5f75726c7c733a32323a22687474703a2f2f7367692e7374692e636f6d2e76652f223b757365725f6c6f67696e7c623a313b7573756172696f5f69647c733a313a2231223b7573756172696f7c733a353a2261646d696e223b726f6c5f69647c733a313a2231223b726f6c7c733a31383a22537570657241646d696e6973747261646f72223b6e6f6d6272657c733a353a225375706572223b6170656c6c69646f7c733a31333a2241646d696e6973747261646f72223b63726561646f7c733a31393a22323031372d30362d30322031323a31303a3036223b6176617461727c733a31303a226176617461722e706e67223b6d656e73616a657c733a3139303a223c64697620636c6173733d22616c65727420616c6572742d7375636365737320616c6572742d6469736d69737361626c65223e3c627574746f6e20747970653d22627574746f6e2220636c6173733d22636c6f73652220646174612d6469736d6973733d22616c6572742220617269612d68696464656e3d2274727565223e2674696d65733b3c2f627574746f6e3e456c20726567697374726f206675652061637475616c697a61646f20657869746f73616d656e74652e3c2f6469763e223b5f5f63695f766172737c613a313a7b733a373a226d656e73616a65223b733a333a226f6c64223b7d),
('t6laqbaebemn0nijohjq5ldf7ga1qtap', '127.0.0.1', 1498854261, 0x5f5f63695f6c6173745f726567656e65726174657c693a313439383835343234373b757365725f6c6f67696e7c623a313b7573756172696f5f69647c733a313a2231223b7573756172696f7c733a353a2261646d696e223b726f6c5f69647c733a313a2231223b726f6c7c733a31383a22537570657241646d696e6973747261646f72223b6e6f6d6272657c733a353a225375706572223b6170656c6c69646f7c733a31333a2241646d696e6973747261646f72223b63726561646f7c733a31393a22323031372d30362d30322031323a31303a3036223b6176617461727c733a31303a226176617461722e706e67223b),
('uhfsgn71n76u4cm8lerdtevi3qa52vim', '127.0.0.1', 1498853591, 0x5f5f63695f6c6173745f726567656e65726174657c693a313439383835333339333b7065746963696f6e5f75726c7c733a32323a22687474703a2f2f7367692e7374692e636f6d2e76652f223b757365725f6c6f67696e7c623a313b7573756172696f5f69647c733a313a2231223b7573756172696f7c733a353a2261646d696e223b726f6c5f69647c733a313a2231223b726f6c7c733a31383a22537570657241646d696e6973747261646f72223b6e6f6d6272657c733a353a225375706572223b6170656c6c69646f7c733a31333a2241646d696e6973747261646f72223b63726561646f7c733a31393a22323031372d30362d30322031323a31303a3036223b6176617461727c733a31303a226176617461722e706e67223b);

-- --------------------------------------------------------

--
-- Estructura de tabla para la tabla `sistema_operativo`
--

CREATE TABLE IF NOT EXISTS `sistema_operativo` (
  `id` int(10) unsigned NOT NULL,
  `descripcion` varchar(45) COLLATE utf8_spanish2_ci NOT NULL,
  `created_at` timestamp NOT NULL DEFAULT CURRENT_TIMESTAMP,
  `updated_at` datetime NOT NULL,
  `created_by` int(10) unsigned NOT NULL,
  `updated_by` int(10) unsigned NOT NULL
) ENGINE=InnoDB AUTO_INCREMENT=4 DEFAULT CHARSET=utf8 COLLATE=utf8_spanish2_ci;

--
-- Volcado de datos para la tabla `sistema_operativo`
--

INSERT INTO `sistema_operativo` (`id`, `descripcion`, `created_at`, `updated_at`, `created_by`, `updated_by`) VALUES
(1, 'Linux RedHat 6.0', '2017-06-21 22:28:51', '0000-00-00 00:00:00', 1, 0),
(2, 'Windows Server 2012 R2', '2017-06-21 22:29:02', '0000-00-00 00:00:00', 1, 0),
(3, 'Windows 10 ', '2017-06-21 22:29:08', '0000-00-00 00:00:00', 1, 0);

-- --------------------------------------------------------

--
-- Estructura de tabla para la tabla `tcomputadora`
--

CREATE TABLE IF NOT EXISTS `tcomputadora` (
  `id` int(10) unsigned NOT NULL,
  `descripcion` varchar(45) COLLATE utf8_spanish2_ci NOT NULL,
  `created_at` timestamp NOT NULL DEFAULT CURRENT_TIMESTAMP,
  `updated_at` datetime NOT NULL,
  `created_by` int(10) unsigned NOT NULL,
  `updated_by` int(10) unsigned NOT NULL
) ENGINE=InnoDB AUTO_INCREMENT=4 DEFAULT CHARSET=utf8 COLLATE=utf8_spanish2_ci;

--
-- Volcado de datos para la tabla `tcomputadora`
--

INSERT INTO `tcomputadora` (`id`, `descripcion`, `created_at`, `updated_at`, `created_by`, `updated_by`) VALUES
(1, 'Servidor', '2017-06-21 22:12:52', '0000-00-00 00:00:00', 1, 0),
(2, 'Laptop', '2017-06-21 22:13:02', '0000-00-00 00:00:00', 1, 0),
(3, 'Desktop', '2017-06-21 22:13:10', '0000-00-00 00:00:00', 1, 0);

-- --------------------------------------------------------

--
-- Estructura de tabla para la tabla `tipo_menu`
--

CREATE TABLE IF NOT EXISTS `tipo_menu` (
  `id` int(10) unsigned NOT NULL,
  `descripcion` varchar(30) CHARACTER SET utf8 NOT NULL,
  `created_at` timestamp NOT NULL DEFAULT CURRENT_TIMESTAMP,
  `updated_at` datetime NOT NULL,
  `created_by` int(10) unsigned NOT NULL,
  `updated_by` int(10) unsigned NOT NULL
) ENGINE=InnoDB AUTO_INCREMENT=2 DEFAULT CHARSET=utf8 COLLATE=utf8_spanish2_ci;

--
-- Volcado de datos para la tabla `tipo_menu`
--

INSERT INTO `tipo_menu` (`id`, `descripcion`, `created_at`, `updated_at`, `created_by`, `updated_by`) VALUES
(1, 'Principal', '2017-06-21 22:42:50', '0000-00-00 00:00:00', 1, 0);

-- --------------------------------------------------------

--
-- Estructura de tabla para la tabla `tperiferico`
--

CREATE TABLE IF NOT EXISTS `tperiferico` (
  `id` int(10) unsigned NOT NULL,
  `descripcion` varchar(45) COLLATE utf8_spanish2_ci NOT NULL,
  `created_at` timestamp NOT NULL DEFAULT CURRENT_TIMESTAMP,
  `updated_at` datetime NOT NULL,
  `created_by` int(10) unsigned NOT NULL,
  `updated_by` int(10) unsigned NOT NULL
) ENGINE=InnoDB AUTO_INCREMENT=4 DEFAULT CHARSET=utf8 COLLATE=utf8_spanish2_ci;

--
-- Volcado de datos para la tabla `tperiferico`
--

INSERT INTO `tperiferico` (`id`, `descripcion`, `created_at`, `updated_at`, `created_by`, `updated_by`) VALUES
(1, 'Mouse', '2017-06-21 22:14:34', '0000-00-00 00:00:00', 1, 0),
(2, 'Teclado', '2017-06-21 22:14:42', '0000-00-00 00:00:00', 1, 0),
(3, 'Pendrive', '2017-06-21 22:14:49', '0000-00-00 00:00:00', 1, 0);

-- --------------------------------------------------------

--
-- Estructura de tabla para la tabla `tred`
--

CREATE TABLE IF NOT EXISTS `tred` (
  `id` int(10) unsigned NOT NULL,
  `descripcion` varchar(45) COLLATE utf8_spanish2_ci NOT NULL,
  `created_at` timestamp NOT NULL DEFAULT CURRENT_TIMESTAMP,
  `updated_at` datetime NOT NULL,
  `created_by` int(10) unsigned NOT NULL,
  `updated_by` int(10) unsigned NOT NULL
) ENGINE=InnoDB AUTO_INCREMENT=3 DEFAULT CHARSET=utf8 COLLATE=utf8_spanish2_ci;

--
-- Volcado de datos para la tabla `tred`
--

INSERT INTO `tred` (`id`, `descripcion`, `created_at`, `updated_at`, `created_by`, `updated_by`) VALUES
(1, 'Router', '2017-06-21 22:15:03', '0000-00-00 00:00:00', 1, 0),
(2, 'switch', '2017-06-21 22:15:16', '0000-00-00 00:00:00', 1, 0);

-- --------------------------------------------------------

--
-- Estructura de tabla para la tabla `usuario`
--

CREATE TABLE IF NOT EXISTS `usuario` (
  `id` int(10) unsigned NOT NULL,
  `departamento_id` int(10) unsigned NOT NULL,
  `avatar` varchar(45) COLLATE utf8_spanish2_ci DEFAULT NULL,
  `usuario` varchar(20) CHARACTER SET utf8 NOT NULL,
  `nombre` varchar(45) COLLATE utf8_spanish2_ci DEFAULT NULL,
  `apellido` varchar(45) COLLATE utf8_spanish2_ci DEFAULT NULL,
  `password` varchar(100) CHARACTER SET utf8 NOT NULL,
  `estado` tinyint(3) unsigned NOT NULL,
  `email` varchar(45) COLLATE utf8_spanish2_ci DEFAULT NULL,
  `created_at` timestamp NOT NULL DEFAULT CURRENT_TIMESTAMP,
  `updated_at` datetime NOT NULL,
  `created_by` int(10) unsigned NOT NULL,
  `updated_by` int(10) unsigned NOT NULL
) ENGINE=InnoDB AUTO_INCREMENT=5 DEFAULT CHARSET=utf8 COLLATE=utf8_spanish2_ci;

--
-- Volcado de datos para la tabla `usuario`
--

INSERT INTO `usuario` (`id`, `departamento_id`, `avatar`, `usuario`, `nombre`, `apellido`, `password`, `estado`, `email`, `created_at`, `updated_at`, `created_by`, `updated_by`) VALUES
(1, 1, 'avatar.png', 'admin', 'Super', 'Administrador', '5125c356c48ae203a45ae894443f9d323f040de96910f9dc1b973c35e09f2dfb', 1, 'tebasde@gmail.com', '2017-06-02 16:10:06', '2017-06-07 10:13:11', 1, 1),
(2, 2, 'gde_lv.jpg', 'lvillegas', 'Luis', 'Villegas', '5a4a3b5d38b8a42928e9e46e849083a2383b7421c9c57411b38e8c1a9af267c7', 1, 'lvillegas@sti.com.ve', '2017-06-15 02:14:46', '2017-06-15 15:00:40', 1, 1),
(3, 2, NULL, 'jcramos', 'Juan Carlos', 'Ramos', '9fa5d0467c0acac1df60a0bc7f7e6b567d798a2c5c09f9ecd8899d1703ba6619', 1, 'jcramos@sti.com.ve', '2017-06-22 23:40:13', '2017-06-30 16:24:16', 1, 1),
(4, 2, 'operador.jpg', 'test1', 'test1', 'test1', '17282093bcfde3b4d308cbfc08ff424a17d474dad5474445e3d606a602159cbd', 1, 'test1@sti.com.ve', '2017-06-30 21:00:47', '0000-00-00 00:00:00', 1, 0);

-- --------------------------------------------------------

--
-- Estructura de tabla para la tabla `usuario_rol`
--

CREATE TABLE IF NOT EXISTS `usuario_rol` (
  `id` int(10) unsigned NOT NULL,
  `usuario_id` int(10) unsigned NOT NULL,
  `rol_id` int(10) unsigned NOT NULL,
  `created_at` timestamp NOT NULL DEFAULT CURRENT_TIMESTAMP,
  `updated_at` datetime NOT NULL,
  `created_by` int(10) unsigned NOT NULL,
  `updated_by` int(10) unsigned NOT NULL
) ENGINE=InnoDB AUTO_INCREMENT=5 DEFAULT CHARSET=utf8 COLLATE=utf8_spanish2_ci;

--
-- Volcado de datos para la tabla `usuario_rol`
--

INSERT INTO `usuario_rol` (`id`, `usuario_id`, `rol_id`, `created_at`, `updated_at`, `created_by`, `updated_by`) VALUES
(1, 1, 1, '2017-06-02 16:10:06', '2017-06-12 11:50:03', 1, 0),
(2, 2, 1, '2017-06-15 02:14:46', '2017-06-15 15:00:40', 1, 1),
(3, 3, 2, '2017-06-22 23:40:13', '2017-06-30 16:24:16', 1, 1),
(4, 4, 2, '2017-06-30 21:00:47', '0000-00-00 00:00:00', 1, 0);

--
-- Índices para tablas volcadas
--

--
-- Indices de la tabla `computadoras`
--
ALTER TABLE `computadoras`
  ADD PRIMARY KEY (`id`),
  ADD UNIQUE KEY `id_UNIQUE` (`id`),
  ADD KEY `fk_dispositvo_Procesador1` (`Procesador_id`),
  ADD KEY `fk_computadoras_sistema_operativo1` (`sistema_operativo_id`),
  ADD KEY `fk_computadoras_marca1` (`marca_id`),
  ADD KEY `fk_computadoras_estado1` (`estado_id`),
  ADD KEY `fk_computadoras_tcomputadora1` (`tcomputadora_id`),
  ADD KEY `fk_computadoras_usuario1_idx` (`usuario_id`),
  ADD KEY `fk_computadoras_modelo1_idx` (`modelo_id`);

--
-- Indices de la tabla `departamento`
--
ALTER TABLE `departamento`
  ADD PRIMARY KEY (`id`),
  ADD UNIQUE KEY `descripcion_UNIQUE` (`descripcion`);

--
-- Indices de la tabla `direccion_ip`
--
ALTER TABLE `direccion_ip`
  ADD PRIMARY KEY (`id`),
  ADD KEY `fk_direccion_ip_computadoras1` (`computadoras_id`);

--
-- Indices de la tabla `estado`
--
ALTER TABLE `estado`
  ADD PRIMARY KEY (`id`);

--
-- Indices de la tabla `marca`
--
ALTER TABLE `marca`
  ADD PRIMARY KEY (`id`),
  ADD UNIQUE KEY `descripcion_UNIQUE` (`descripcion`);

--
-- Indices de la tabla `menu`
--
ALTER TABLE `menu`
  ADD PRIMARY KEY (`id`),
  ADD KEY `fk_menu_menu1` (`menu_id`),
  ADD KEY `fk_menu_tipo_menu1` (`tipo_menu_id`);

--
-- Indices de la tabla `menu_rol`
--
ALTER TABLE `menu_rol`
  ADD PRIMARY KEY (`id`),
  ADD KEY `fk_menu_rol_rol1` (`rol_id`),
  ADD KEY `fk_menu_rol_menu1_idx` (`menu_id`);

--
-- Indices de la tabla `modelo`
--
ALTER TABLE `modelo`
  ADD PRIMARY KEY (`id`),
  ADD UNIQUE KEY `descripcion_UNIQUE` (`descripcion`),
  ADD KEY `fk_modelo_marca2_idx` (`marca_id`);

--
-- Indices de la tabla `periferico`
--
ALTER TABLE `periferico`
  ADD PRIMARY KEY (`id`),
  ADD UNIQUE KEY `serial_UNIQUE` (`serial`),
  ADD KEY `fk_periferico_tipo_periferico1` (`tipo_periferico_id`),
  ADD KEY `fk_periferico_marca1` (`marca_id`),
  ADD KEY `fk_periferico_estado1` (`estado_id`),
  ADD KEY `fk_periferico_usuario1_idx` (`usuario_id`),
  ADD KEY `fk_periferico_modelo1` (`modelo_id`);

--
-- Indices de la tabla `permiso`
--
ALTER TABLE `permiso`
  ADD PRIMARY KEY (`id`),
  ADD UNIQUE KEY `nombre_UNIQUE` (`nombre`),
  ADD UNIQUE KEY `nombre_a_mostrar_UNIQUE` (`nombre_a_mostrar`);

--
-- Indices de la tabla `permiso_rol`
--
ALTER TABLE `permiso_rol`
  ADD PRIMARY KEY (`id`),
  ADD KEY `fk_permiso_rol_rol1` (`rol_id`),
  ADD KEY `fk_rolo_permiso_permisos1_idx` (`permiso_id`);

--
-- Indices de la tabla `Procesador`
--
ALTER TABLE `Procesador`
  ADD PRIMARY KEY (`id`),
  ADD UNIQUE KEY `cores_UNIQUE` (`cores`),
  ADD KEY `fk_Procesador_marca1_idx` (`marca_id`);

--
-- Indices de la tabla `red`
--
ALTER TABLE `red`
  ADD PRIMARY KEY (`id`),
  ADD UNIQUE KEY `id_UNIQUE` (`id`),
  ADD UNIQUE KEY `serial_UNIQUE` (`serial`),
  ADD KEY `fk_Redes_marca1` (`marca_id_marca`),
  ADD KEY `fk_Red_tred1` (`tred_id`),
  ADD KEY `fk_Red_estado1` (`estado_id`),
  ADD KEY `fk_Red_usuario1_idx` (`usuario_id`),
  ADD KEY `fk_Red_modelo1_idx` (`modelo_id`);

--
-- Indices de la tabla `rol`
--
ALTER TABLE `rol`
  ADD PRIMARY KEY (`id`),
  ADD UNIQUE KEY `descripcion_UNIQUE` (`descripcion`);

--
-- Indices de la tabla `sgi_session`
--
ALTER TABLE `sgi_session`
  ADD PRIMARY KEY (`id`),
  ADD KEY `sgi_sessions_timestamp` (`timestamp`);

--
-- Indices de la tabla `sistema_operativo`
--
ALTER TABLE `sistema_operativo`
  ADD PRIMARY KEY (`id`);

--
-- Indices de la tabla `tcomputadora`
--
ALTER TABLE `tcomputadora`
  ADD PRIMARY KEY (`id`);

--
-- Indices de la tabla `tipo_menu`
--
ALTER TABLE `tipo_menu`
  ADD PRIMARY KEY (`id`),
  ADD UNIQUE KEY `descripcion_UNIQUE` (`descripcion`);

--
-- Indices de la tabla `tperiferico`
--
ALTER TABLE `tperiferico`
  ADD PRIMARY KEY (`id`);

--
-- Indices de la tabla `tred`
--
ALTER TABLE `tred`
  ADD PRIMARY KEY (`id`);

--
-- Indices de la tabla `usuario`
--
ALTER TABLE `usuario`
  ADD PRIMARY KEY (`id`),
  ADD UNIQUE KEY `usuario_UNIQUE` (`usuario`),
  ADD KEY `fk_usuario_departamento1` (`departamento_id`);

--
-- Indices de la tabla `usuario_rol`
--
ALTER TABLE `usuario_rol`
  ADD PRIMARY KEY (`id`),
  ADD KEY `fk_usuario_rol_usuario` (`usuario_id`),
  ADD KEY `fk_usuario_rol_rol_idx` (`rol_id`);

--
-- AUTO_INCREMENT de las tablas volcadas
--

--
-- AUTO_INCREMENT de la tabla `computadoras`
--
ALTER TABLE `computadoras`
  MODIFY `id` int(10) unsigned NOT NULL AUTO_INCREMENT,AUTO_INCREMENT=6;
--
-- AUTO_INCREMENT de la tabla `departamento`
--
ALTER TABLE `departamento`
  MODIFY `id` int(10) unsigned NOT NULL AUTO_INCREMENT,AUTO_INCREMENT=3;
--
-- AUTO_INCREMENT de la tabla `direccion_ip`
--
ALTER TABLE `direccion_ip`
  MODIFY `id` int(10) unsigned NOT NULL AUTO_INCREMENT,AUTO_INCREMENT=4;
--
-- AUTO_INCREMENT de la tabla `estado`
--
ALTER TABLE `estado`
  MODIFY `id` int(10) unsigned NOT NULL AUTO_INCREMENT,AUTO_INCREMENT=3;
--
-- AUTO_INCREMENT de la tabla `marca`
--
ALTER TABLE `marca`
  MODIFY `id` int(10) unsigned NOT NULL AUTO_INCREMENT,AUTO_INCREMENT=4;
--
-- AUTO_INCREMENT de la tabla `menu`
--
ALTER TABLE `menu`
  MODIFY `id` int(10) unsigned NOT NULL AUTO_INCREMENT,AUTO_INCREMENT=26;
--
-- AUTO_INCREMENT de la tabla `menu_rol`
--
ALTER TABLE `menu_rol`
  MODIFY `id` int(10) unsigned NOT NULL AUTO_INCREMENT,AUTO_INCREMENT=31;
--
-- AUTO_INCREMENT de la tabla `modelo`
--
ALTER TABLE `modelo`
  MODIFY `id` int(10) unsigned NOT NULL AUTO_INCREMENT,AUTO_INCREMENT=3;
--
-- AUTO_INCREMENT de la tabla `periferico`
--
ALTER TABLE `periferico`
  MODIFY `id` int(10) unsigned NOT NULL AUTO_INCREMENT,AUTO_INCREMENT=4;
--
-- AUTO_INCREMENT de la tabla `permiso`
--
ALTER TABLE `permiso`
  MODIFY `id` int(10) unsigned NOT NULL AUTO_INCREMENT,AUTO_INCREMENT=3;
--
-- AUTO_INCREMENT de la tabla `permiso_rol`
--
ALTER TABLE `permiso_rol`
  MODIFY `id` int(10) unsigned NOT NULL AUTO_INCREMENT,AUTO_INCREMENT=5;
--
-- AUTO_INCREMENT de la tabla `Procesador`
--
ALTER TABLE `Procesador`
  MODIFY `id` int(10) unsigned NOT NULL AUTO_INCREMENT,AUTO_INCREMENT=2;
--
-- AUTO_INCREMENT de la tabla `red`
--
ALTER TABLE `red`
  MODIFY `id` int(10) unsigned NOT NULL AUTO_INCREMENT,AUTO_INCREMENT=2;
--
-- AUTO_INCREMENT de la tabla `rol`
--
ALTER TABLE `rol`
  MODIFY `id` int(10) unsigned NOT NULL AUTO_INCREMENT,AUTO_INCREMENT=3;
--
-- AUTO_INCREMENT de la tabla `sistema_operativo`
--
ALTER TABLE `sistema_operativo`
  MODIFY `id` int(10) unsigned NOT NULL AUTO_INCREMENT,AUTO_INCREMENT=4;
--
-- AUTO_INCREMENT de la tabla `tcomputadora`
--
ALTER TABLE `tcomputadora`
  MODIFY `id` int(10) unsigned NOT NULL AUTO_INCREMENT,AUTO_INCREMENT=4;
--
-- AUTO_INCREMENT de la tabla `tipo_menu`
--
ALTER TABLE `tipo_menu`
  MODIFY `id` int(10) unsigned NOT NULL AUTO_INCREMENT,AUTO_INCREMENT=2;
--
-- AUTO_INCREMENT de la tabla `tperiferico`
--
ALTER TABLE `tperiferico`
  MODIFY `id` int(10) unsigned NOT NULL AUTO_INCREMENT,AUTO_INCREMENT=4;
--
-- AUTO_INCREMENT de la tabla `tred`
--
ALTER TABLE `tred`
  MODIFY `id` int(10) unsigned NOT NULL AUTO_INCREMENT,AUTO_INCREMENT=3;
--
-- AUTO_INCREMENT de la tabla `usuario`
--
ALTER TABLE `usuario`
  MODIFY `id` int(10) unsigned NOT NULL AUTO_INCREMENT,AUTO_INCREMENT=5;
--
-- AUTO_INCREMENT de la tabla `usuario_rol`
--
ALTER TABLE `usuario_rol`
  MODIFY `id` int(10) unsigned NOT NULL AUTO_INCREMENT,AUTO_INCREMENT=5;
--
-- Restricciones para tablas volcadas
--

--
-- Filtros para la tabla `computadoras`
--
ALTER TABLE `computadoras`
  ADD CONSTRAINT `fk_computadoras_estado1` FOREIGN KEY (`estado_id`) REFERENCES `estado` (`id`) ON DELETE NO ACTION ON UPDATE NO ACTION,
  ADD CONSTRAINT `fk_computadoras_marca1` FOREIGN KEY (`marca_id`) REFERENCES `marca` (`id`) ON DELETE NO ACTION ON UPDATE NO ACTION,
  ADD CONSTRAINT `fk_computadoras_modelo1` FOREIGN KEY (`modelo_id`) REFERENCES `modelo` (`id`) ON DELETE NO ACTION ON UPDATE NO ACTION,
  ADD CONSTRAINT `fk_computadoras_sistema_operativo1` FOREIGN KEY (`sistema_operativo_id`) REFERENCES `sistema_operativo` (`id`) ON DELETE NO ACTION ON UPDATE NO ACTION,
  ADD CONSTRAINT `fk_computadoras_tcomputadora1` FOREIGN KEY (`tcomputadora_id`) REFERENCES `tcomputadora` (`id`) ON DELETE NO ACTION ON UPDATE NO ACTION,
  ADD CONSTRAINT `fk_computadoras_usuario1` FOREIGN KEY (`usuario_id`) REFERENCES `usuario` (`id`) ON DELETE NO ACTION ON UPDATE NO ACTION,
  ADD CONSTRAINT `fk_dispositvo_Procesador1` FOREIGN KEY (`Procesador_id`) REFERENCES `Procesador` (`id`) ON DELETE NO ACTION ON UPDATE NO ACTION;

--
-- Filtros para la tabla `direccion_ip`
--
ALTER TABLE `direccion_ip`
  ADD CONSTRAINT `fk_direccion_ip_computadoras1` FOREIGN KEY (`computadoras_id`) REFERENCES `computadoras` (`id`) ON DELETE CASCADE ON UPDATE CASCADE;

--
-- Filtros para la tabla `menu`
--
ALTER TABLE `menu`
  ADD CONSTRAINT `fk_menu_menu1` FOREIGN KEY (`menu_id`) REFERENCES `menu` (`id`),
  ADD CONSTRAINT `fk_menu_tipo_menu1` FOREIGN KEY (`tipo_menu_id`) REFERENCES `tipo_menu` (`id`);

--
-- Filtros para la tabla `menu_rol`
--
ALTER TABLE `menu_rol`
  ADD CONSTRAINT `fk_menu_rol_menu1` FOREIGN KEY (`menu_id`) REFERENCES `menu` (`id`),
  ADD CONSTRAINT `fk_menu_rol_rol1` FOREIGN KEY (`rol_id`) REFERENCES `rol` (`id`);

--
-- Filtros para la tabla `modelo`
--
ALTER TABLE `modelo`
  ADD CONSTRAINT `fk_modelo_marca2` FOREIGN KEY (`marca_id`) REFERENCES `marca` (`id`) ON DELETE NO ACTION ON UPDATE NO ACTION;

--
-- Filtros para la tabla `periferico`
--
ALTER TABLE `periferico`
  ADD CONSTRAINT `fk_periferico_estado1` FOREIGN KEY (`estado_id`) REFERENCES `estado` (`id`) ON DELETE NO ACTION ON UPDATE NO ACTION,
  ADD CONSTRAINT `fk_periferico_marca1` FOREIGN KEY (`marca_id`) REFERENCES `marca` (`id`) ON DELETE NO ACTION ON UPDATE NO ACTION,
  ADD CONSTRAINT `fk_periferico_modelo1` FOREIGN KEY (`modelo_id`) REFERENCES `modelo` (`id`) ON DELETE NO ACTION ON UPDATE NO ACTION,
  ADD CONSTRAINT `fk_periferico_tipo_periferico1` FOREIGN KEY (`tipo_periferico_id`) REFERENCES `tperiferico` (`id`) ON DELETE NO ACTION ON UPDATE NO ACTION,
  ADD CONSTRAINT `fk_periferico_usuario1` FOREIGN KEY (`usuario_id`) REFERENCES `usuario` (`id`) ON DELETE NO ACTION ON UPDATE NO ACTION;

--
-- Filtros para la tabla `permiso_rol`
--
ALTER TABLE `permiso_rol`
  ADD CONSTRAINT `fk_permiso_rol_rol1` FOREIGN KEY (`rol_id`) REFERENCES `rol` (`id`) ON DELETE NO ACTION ON UPDATE NO ACTION,
  ADD CONSTRAINT `fk_rolo_permiso_permisos1` FOREIGN KEY (`permiso_id`) REFERENCES `permiso` (`id`);

--
-- Filtros para la tabla `Procesador`
--
ALTER TABLE `Procesador`
  ADD CONSTRAINT `fk_Procesador_marca1` FOREIGN KEY (`marca_id`) REFERENCES `marca` (`id`) ON DELETE NO ACTION ON UPDATE NO ACTION;

--
-- Filtros para la tabla `red`
--
ALTER TABLE `red`
  ADD CONSTRAINT `fk_Red_estado1` FOREIGN KEY (`estado_id`) REFERENCES `estado` (`id`) ON DELETE NO ACTION ON UPDATE NO ACTION,
  ADD CONSTRAINT `fk_Red_modelo1` FOREIGN KEY (`modelo_id`) REFERENCES `modelo` (`id`) ON DELETE NO ACTION ON UPDATE NO ACTION,
  ADD CONSTRAINT `fk_Red_tred1` FOREIGN KEY (`tred_id`) REFERENCES `tred` (`id`) ON DELETE NO ACTION ON UPDATE NO ACTION,
  ADD CONSTRAINT `fk_Red_usuario1` FOREIGN KEY (`usuario_id`) REFERENCES `usuario` (`id`) ON DELETE NO ACTION ON UPDATE NO ACTION,
  ADD CONSTRAINT `fk_Redes_marca1` FOREIGN KEY (`marca_id_marca`) REFERENCES `marca` (`id`) ON DELETE NO ACTION ON UPDATE NO ACTION;

--
-- Filtros para la tabla `usuario`
--
ALTER TABLE `usuario`
  ADD CONSTRAINT `fk_usuario_departamento1` FOREIGN KEY (`departamento_id`) REFERENCES `departamento` (`id`) ON DELETE NO ACTION ON UPDATE NO ACTION;

--
-- Filtros para la tabla `usuario_rol`
--
ALTER TABLE `usuario_rol`
  ADD CONSTRAINT `fk_usuario_rol_rol` FOREIGN KEY (`rol_id`) REFERENCES `rol` (`id`) ON DELETE CASCADE ON UPDATE CASCADE,
  ADD CONSTRAINT `fk_usuario_rol_usuario` FOREIGN KEY (`usuario_id`) REFERENCES `usuario` (`id`) ON DELETE CASCADE ON UPDATE CASCADE;

/*!40101 SET CHARACTER_SET_CLIENT=@OLD_CHARACTER_SET_CLIENT */;
/*!40101 SET CHARACTER_SET_RESULTS=@OLD_CHARACTER_SET_RESULTS */;
/*!40101 SET COLLATION_CONNECTION=@OLD_COLLATION_CONNECTION */;
